week_start,owner,published_home,published_hubs,published_workflows,published_comparisons,pageviews,cta_clicks_affiliate,cta_clicks_newsletter,newsletter_signups,revenue_ads_usd,revenue_affiliate_usd,revenue_sponsorship_usd,revenue_other_usd,total_revenue_usd,top_cluster,notes
2026-04-20,content-ops,0,0,0,0,0,0,0,0,0,0,0,0,0,,launch prep
2026-04-27,content-ops,1,2,3,1,0,0,0,0,0,0,0,0,0,,launch week
2026-05-04,content-ops,1,2,3,1,0,0,0,0,0,0,0,0,0,,cta review
2026-05-11,content-ops,1,2,4,1,0,0,0,0,0,0,0,0,0,,workflow #4
2026-05-18,content-ops,1,2,4,2,0,0,0,0,0,0,0,0,0,,comparison #2
2026-05-25,content-ops,1,2,5,2,0,0,0,0,0,0,0,0,0,,month 1 close
2026-06-01,content-ops,1,2,5,2,0,0,0,0,0,0,0,0,0,,refresh week
2026-06-08,content-ops,1,2,6,2,0,0,0,0,0,0,0,0,0,,workflow #6
2026-06-15,content-ops,1,2,6,3,0,0,0,0,0,0,0,0,0,,comparison #3
2026-06-22,content-ops,1,2,7,3,0,0,0,0,0,0,0,0,0,,workflow #7
2026-06-29,content-ops,1,2,8,3,0,0,0,0,0,0,0,0,0,,workflow #8
2026-07-06,content-ops,1,2,8,4,0,0,0,0,0,0,0,0,0,,90-day review
